,label,별점,참여,N_clicks,finish,pieces,episode,omnibus,story,daily,comic,fantasy,action,drama,pure,sensibility,thrill,historical,sports,영화,드라마,도서
0,10월 28일,9.753030303,18571.12121,0.927184466,1,3,0,0,1,0,0,1,0,0,0,0,1,0,0,0,0,0
3,2013 전설의고향,9.2284,18131.56,0.872168285,1,11,0,1,0,0,0,0,0,0,0,0,1,1,0,0,0,0
4,2015 사이,9.8685,38074.45,0.982200647,1,11,0,1,0,0,0,0,0,1,1,0,0,0,0,0,0,0
5,2015 소름,9.826153846,32788.23077,0.974110032,1,11,0,1,0,1,0,0,0,0,0,0,1,0,0,1,0,0
6,2016 비명,9.177368421,33295.73684,0.862459547,1,11,0,1,0,0,0,0,0,0,0,0,1,0,0,0,0,0
7,2017 멋진 신세계,9.938823529,15911.58824,0.990291262,1,11,0,1,0,0,0,0,0,0,0,0,1,0,0,0,0,0
8,203호 저승사자,9.91625,14071.78571,0.98381877,1,1,1,0,0,0,1,0,0,0,0,0,0,0,0,0,0,0
9,2호선 세입자,9.836666667,19402.83333,0.985436893,1,1,0,0,1,0,0,0,0,1,0,0,0,0,0,0,0,0
10,3P,9.918679245,7247.075472,0.990291262,1,4,0,0,1,0,0,1,1,1,0,0,0,0,0,0,0,0
11,3단합체김창남,9.948333333,16573.83333,0.993527508,1,5,0,0,1,0,0,1,0,1,0,0,0,0,0,1,0,1
12,AA,9.668392857,284.0178571,0.948220065,1,1,0,0,1,0,0,0,0,0,1,0,0,0,0,0,0,0
13,ENT.,9.452222222,27728.83333,0.878640777,1,1,0,0,1,0,0,0,0,1,1,0,0,0,0,0,0,0
14,Ho!,9.977777778,29100.66667,0.996763754,1,3,0,0,1,0,0,0,0,1,1,0,0,0,0,0,0,1
15,LOST,9.541363636,3861.363636,0.92394822,1,1,0,0,1,0,0,1,0,0,0,0,1,0,0,0,0,0
16,MLB카툰,8.038039773,156.8338068,0.681229773,1,2,1,0,0,0,0,0,0,0,0,0,0,0,1,0,0,1
17,MODERN BOYS,9.548867925,2195.283019,0.930420712,1,1,0,0,1,0,0,1,0,1,0,0,0,0,0,0,0,0
18,MY OH,9.936153846,12418,0.995145631,1,2,0,0,1,0,0,0,0,1,1,0,0,0,0,0,0,0
19,MZ,9.9412,10789.46,0.991909385,1,4,0,0,1,0,0,0,1,0,0,0,0,0,0,0,0,0
20,N의등대-busted,9.874,6051.2,0.980582524,1,8,0,0,1,0,0,0,0,0,0,0,1,0,0,0,0,0
21,N의등대-눈의등대,9.915609756,5853.829268,0.987055016,1,6,0,0,1,0,0,0,0,0,0,0,1,0,0,0,0,0
22,N의등대-도망자,9.775833333,3720.5,0.959546926,1,6,0,0,1,0,0,0,0,0,0,0,1,0,0,0,0,0
23,"OH, MY GOD!",9.937407407,32149.48148,0.991909385,1,1,0,0,1,0,0,1,1,0,0,0,0,0,0,0,0,0
24,SM 플레이어,9.855,17757.66667,0.988673139,1,7,0,0,1,0,1,0,0,0,0,0,0,0,0,0,0,0
25,S라인,9.7775,10114,0.975728155,1,1,0,1,0,0,0,1,0,0,0,0,0,0,0,0,0,1
26,TLT season2,9.812027027,671.1486486,0.970873786,1,1,0,0,1,0,0,0,0,1,0,0,0,0,0,0,0,1
27,가우스전자 시즌1~2,9.94584,10994.904,0.995145631,1,4,0,0,1,1,1,0,0,0,0,0,0,0,0,0,0,1
28,가족사진,9.848269231,1666.057692,0.975728155,1,1,0,0,1,0,0,0,0,1,0,0,0,0,0,0,0,0
29,강시대소동,9.751333333,24499.73333,0.959546926,1,2,0,0,1,0,0,1,0,0,0,0,1,0,0,0,0,0
30,개판,9.939880952,4394.821429,0.982200647,1,2,0,0,1,0,0,1,1,0,0,0,0,0,0,0,0,0
31,갸오오와 사랑꾼들,9.946410256,12053.52991,0.991909385,1,1,1,0,0,1,1,0,0,0,0,0,0,0,0,0,0,0
32,거상 김만덕,9.905,2017.214286,0.98381877,1,1,0,0,1,0,0,0,0,1,1,0,0,0,0,0,0,0
33,겨울동화,9.890769231,2247.923077,0.98381877,1,2,1,0,0,0,0,0,0,0,0,1,0,0,0,0,0,0
34,견우와 직녀,9.944,18191.6,0.993527508,1,2,0,0,1,0,0,1,0,0,1,0,0,0,0,0,0,0
35,경운기를 탄 왕자님,9.908333333,8665.5,0.985436893,1,5,0,0,1,0,1,0,0,0,0,0,0,0,0,0,0,1
36,계룡선녀전,9.985090909,26086.10909,0.998381877,1,2,0,0,1,0,0,1,0,1,0,1,0,0,0,0,1,1
37,고고고,9.971538462,19601.92308,0.996763754,1,1,0,0,1,0,0,1,0,1,0,1,0,0,0,0,0,0
38,고고루키루,9.95938326,5593.854626,0.995145631,1,3,0,1,0,0,0,0,0,1,0,0,0,0,0,0,0,1
39,고민툰,3.989333333,12093.26667,0.025889968,1,1,1,0,0,1,1,0,0,0,0,1,0,0,0,0,0,0
40,고삼이 집나갔다,9.85,26111.25,0.959546926,1,9,0,0,1,0,1,0,0,1,0,0,0,0,0,1,0,1
41,고시생툰,9.926428571,7243.285714,0.988673139,1,1,0,0,1,1,0,0,0,0,0,0,0,0,0,0,0,0
42,고인돌나라의 야물,8.868095238,499.7619048,0.812297735,1,1,0,0,1,0,0,0,0,0,0,0,0,1,0,0,0,0
43,골방환상곡,9.920883191,1548.843305,0.988673139,1,1,1,0,0,1,1,0,0,0,0,0,0,0,0,0,0,1
44,공감.jpg,5.185833333,48067.38889,0.093851133,1,1,1,0,0,0,1,0,0,0,0,0,0,0,0,0,0,0
45,공부하기 좋은 날,9.898965517,17916.03448,0.974110032,1,2,0,1,0,0,0,0,0,0,0,0,1,0,0,0,0,0
46,공주는 잠 못 이루고,9.944,35298.46667,0.993527508,1,2,0,0,1,0,0,0,0,1,1,0,0,0,0,0,0,1
47,구름의 노래,9.895076923,6109.230769,0.982200647,1,1,0,1,0,0,0,0,0,1,0,0,0,0,0,0,0,1
48,구름의 이동속도,9.953333333,24855.5,0.998381877,1,3,1,0,0,0,0,0,0,1,0,1,0,0,0,0,0,0
49,구석구석캠페인,9.265,171.5416667,0.877022654,1,2,1,0,0,1,0,0,0,0,0,0,0,0,0,0,0,0
50,국가의 탄생,9.321,2409.4,0.914239482,1,3,0,1,0,1,1,0,0,0,0,0,0,0,0,0,0,0
51,군인RPG,9.847380952,8422.238095,0.962783172,1,1,0,0,1,0,1,0,0,0,0,0,0,0,0,0,0,0
52,굿모닝 보스,9.807323232,2063.09596,0.96763754,1,4,0,0,1,0,1,0,1,0,0,0,0,0,0,0,0,1
53,굿모닝 스페이스,9.88030303,5428.030303,0.980582524,1,1,0,0,1,0,0,1,0,0,0,0,0,0,0,0,0,0
54,권번기생 비밀의 기억,9.533478261,975.6086957,0.922330097,1,1,0,0,1,0,0,0,0,0,0,0,0,1,0,0,0,0
55,귀도,9.904375,27046.5625,0.987055016,1,2,0,1,0,0,0,0,0,0,0,0,1,0,0,0,0,0
56,귀전구담,9.978461538,42287.97436,0.998381877,1,1,0,1,0,0,0,1,0,1,0,1,1,0,0,0,0,0
57,그날의 생존자들,9.906,9721.8,0.961165049,1,6,0,0,1,0,0,1,0,0,0,0,1,0,0,0,0,0
58,그녀는 흡!혈귀,9.93,29353.44444,0.991909385,1,1,0,0,1,0,0,1,0,1,0,0,0,0,0,0,0,0
59,그들에게 사면초가,9.94490566,17164.90566,0.991909385,1,1,0,0,1,0,0,0,0,0,1,0,0,0,0,0,0,1
60,그런지,9.885942029,1378.971014,0.982200647,1,3,0,0,1,0,0,0,0,1,0,0,0,0,0,0,0,1
61,그린보이,9.923146853,12548.41259,0.985436893,1,1,0,0,1,0,0,0,0,0,0,0,0,0,1,0,0,0
62,그린스마일,9.892,4644.6,0.987055016,1,4,0,0,1,0,0,0,0,0,0,1,0,0,0,0,0,1
63,기로,9.808345865,3486.43609,0.978964401,1,1,0,0,1,0,0,1,0,1,0,0,0,0,0,0,0,0
64,기사도,9.935,21326.33333,0.982200647,1,2,0,0,1,0,0,0,1,0,0,0,0,0,0,0,0,0
65,기타맨,9.9403125,10732.03125,0.991909385,1,1,0,0,1,0,0,0,0,1,0,0,0,0,0,0,0,1
66,기태류,9.910977444,5890.075188,0.98381877,1,1,0,0,1,0,0,1,0,1,0,0,0,0,0,0,0,0
67,길에서 만나다,9.75625,2655.9375,0.962783172,1,1,0,0,1,0,0,0,0,1,0,1,0,0,0,0,0,1
68,까뱅,8.83625,188.09375,0.812297735,1,1,1,0,0,0,1,0,0,0,0,0,0,0,0,0,0,0
69,꽃가족,9.84,42610.61538,0.988673139,1,3,0,0,1,0,1,0,0,0,0,0,0,0,0,0,1,0
70,꽃밭에솔,9.951451613,14077.58065,0.993527508,1,1,0,0,1,1,0,0,0,1,0,0,0,0,0,0,0,0
71,나는 귀머거리다,9.974129353,25091.0597,0.998381877,1,1,1,0,0,1,1,0,0,0,0,1,0,0,0,0,0,1
72,나는 너를 보았다,9.91,19309.6,0.993527508,1,1,0,0,1,0,0,0,0,1,0,0,1,0,0,0,0,0
73,나란의사 그런의사,9.85375,4270,0.96763754,1,2,0,0,1,0,1,0,0,1,0,0,0,0,0,0,0,0
74,나의 목소리를 들어라,9.937142857,20891.85714,0.993527508,1,3,0,0,1,0,1,0,0,0,0,0,0,0,0,0,0,1
75,나이스진타임,9.864530387,14172.51934,0.977346278,1,3,1,0,0,1,1,0,0,0,0,0,0,0,0,0,0,1
76,낚시신공,9.836,21831.6,0.778317152,1,2,0,0,1,0,1,0,1,0,0,0,0,0,0,0,0,0
77,날로 먹는 연애,9.463142857,16875,0.912621359,1,1,0,0,1,1,0,0,0,1,1,0,0,0,0,0,0,0
78,낢에게와요,9.883103448,4492.793103,0.982200647,1,2,0,1,0,1,1,0,0,0,0,0,0,0,0,0,0,1
79,낢이사는이야기,9.950897887,20017.01408,0.993527508,1,2,1,0,0,1,1,0,0,0,0,0,0,0,0,1,0,1
80,남기한엘리트만들기,9.9435,18174.4,0.991909385,1,9,0,1,0,0,1,0,0,1,0,0,0,0,0,0,0,1
81,낮에 뜨는 달,9.943333333,60482.66667,0.988673139,1,1,0,0,1,0,0,0,0,1,0,0,0,1,0,0,1,1
82,내 ID는 강남미인!,9.874,70649.6,0.974110032,1,1,0,0,1,0,1,0,0,0,1,0,0,0,0,0,1,0
83,내가 결혼할 때까지,9.835333333,1861.066667,0.975728155,1,5,0,1,0,1,1,0,0,0,0,0,0,0,0,0,0,0
84,내일은 럭키곰스타,9.531408451,1407.915493,0.922330097,1,1,0,1,0,0,1,0,0,0,0,0,0,0,0,0,0,0
85,내일은 웹툰,9.924545455,46282.09091,0.982200647,1,6,1,0,0,0,1,0,0,0,0,0,0,0,0,0,0,0
86,너와 너 사이,9.954,18196.48,0.991909385,1,1,0,0,1,0,0,0,0,1,0,0,0,0,0,0,0,1
87,네가 없는 세상,9.948888889,39223.44444,0.993527508,1,3,0,0,1,0,0,0,0,1,0,0,0,0,0,0,0,1
88,네로의 실험실,9.936666667,40192.33333,0.993527508,1,3,0,1,0,0,0,1,0,1,0,0,0,0,0,0,0,0
89,네버랜 연대기,9.415769231,3535.915385,0.944983819,1,2,0,0,1,0,0,1,1,0,0,0,0,0,0,0,0,0
90,네이버 앱피소드,9.726153846,46525.61538,0.941747573,1,11,1,0,0,0,1,0,0,0,0,0,0,0,0,0,0,0
91,녹두전,9.978308824,17639.68382,0.998381877,1,3,0,0,1,0,0,0,0,1,1,0,0,0,0,0,0,1
92,놓정동화,9.9368,11735.8,0.990291262,1,4,0,1,0,0,1,1,0,0,0,0,0,0,0,0,0,1
93,놓지마 정신줄,9.930194715,23871.73574,0.988673139,1,4,1,0,0,1,1,0,0,0,0,0,0,0,0,0,0,1
94,늘 푸른 찻집,9.964356436,17481.46535,0.995145631,1,1,0,0,1,0,0,0,0,1,1,0,0,0,0,0,0,0
95,닥터 프로스트,9.940909091,22016.27273,0.993527508,1,2,0,1,0,0,0,0,0,1,0,0,0,0,0,0,1,1
96,닥터 프로스트 시즌3,9.972790698,17461.02326,0.996763754,1,2,0,1,0,0,0,0,0,1,0,1,1,0,0,0,0,1
97,단군할배요,9.905352113,1765.619718,0.987055016,1,2,0,0,1,0,0,1,0,1,0,0,0,0,0,0,0,1
98,달수 이야기,9.95,44737.25,0.998381877,1,3,0,0,1,0,1,0,0,1,0,0,0,0,0,0,0,0
99,달콤한 인생,9.953888889,15727.74074,0.993527508,1,3,1,0,0,1,1,0,0,0,0,0,0,0,0,0,0,1
100,닭통령 계양반,8.475,21647.5,0.888349515,1,9,0,0,1,0,1,0,0,0,0,0,0,0,0,0,1,0
101,당신만 몰라!,9.96300813,22158.47154,0.995145631,1,2,0,0,1,0,0,0,0,1,1,0,0,0,0,0,0,0
102,대작,9.951428571,18570.42857,0.990291262,1,1,0,0,1,0,0,0,0,0,0,0,1,0,0,0,0,1
103,데모니악,9.938333333,20546.83333,0.993527508,1,3,0,0,1,0,0,0,1,0,0,0,1,0,0,0,0,0
104,도자기,9.808266667,613.9733333,0.96763754,1,2,1,0,0,0,0,0,0,1,0,0,0,0,0,0,0,1
105,돌아온 럭키짱,4.757,40551.45,0,1,1,0,0,1,0,1,0,1,0,0,0,0,0,0,0,0,1
106,동경소녀,9.705,897.5833333,0.948220065,1,1,1,0,0,1,0,0,0,1,0,1,0,0,0,0,0,0
107,동토의 여명,9.938358209,7999.477612,0.991909385,1,1,0,0,1,0,0,1,1,0,0,0,0,0,0,0,0,0
108,두근거려요,9.958727273,22159.12727,0.995145631,1,1,0,0,1,0,0,0,0,1,1,0,0,0,0,0,0,0
109,두근두근두근거려,9.941666667,19123.83333,0.993527508,1,5,0,0,1,0,0,0,0,1,0,0,0,0,0,0,0,1
110,둥굴레차!,9.950540541,16139.13514,0.993527508,1,1,0,0,1,0,0,1,1,0,0,0,0,0,0,0,0,1
111,드래곤레시피,9.404375,19399,0.893203883,1,1,0,0,1,0,0,1,0,0,0,0,0,0,0,0,0,1
112,딥(DEEP),9.971666667,25180.33333,0.993527508,1,1,0,0,1,0,0,0,0,0,0,0,1,0,0,0,0,0
113,뜨거운 것이 좋아.,9.675820896,3149.149254,0.946601942,1,1,0,0,1,0,0,0,0,0,1,0,0,0,0,1,1,0
114,라이징패스트볼,9.59853211,11263.83486,0.922330097,1,2,0,0,1,0,0,0,0,0,0,0,0,0,1,0,0,1
115,라크리모사,9.79,17787.1,0.951456311,1,3,0,0,1,0,0,1,1,0,0,0,0,0,0,0,0,0
116,러브슬립,9.802109375,3748.171875,0.96763754,1,2,0,0,1,0,1,0,0,1,0,0,0,0,0,0,0,0
117,러브슬립 2부,9.836217949,1975.660256,0.974110032,1,2,0,0,1,0,0,0,0,0,1,0,0,0,0,0,0,0
118,러브판타지페이퍼,9.942857143,4342,0.991909385,1,2,0,0,1,0,0,0,0,0,1,0,1,0,0,0,0,0
119,레드돌,9.885238095,8165.238095,0.980582524,1,1,0,0,1,0,0,1,1,0,0,0,0,0,0,0,0,0
120,레드초콜릿,9.842375,2247.525,0.974110032,1,1,0,0,1,0,0,0,0,0,1,0,0,0,0,0,0,0
121,레사 시즌2,9.961441441,21888.58559,0.995145631,1,2,0,0,1,0,0,1,0,0,0,0,0,0,0,0,0,0
122,레사(lessa),9.945,32963.875,0.993527508,1,2,0,0,1,0,0,1,1,0,0,0,0,0,0,0,0,0
123,레인보우 로즈,9.939642857,10687.21429,0.990291262,1,1,0,1,0,0,0,1,0,0,0,0,0,0,0,0,0,0
124,레코닝,9.976153846,21095.76923,0.998381877,1,4,0,0,1,0,0,1,0,1,0,0,0,0,0,0,0,0
125,로봇빠찌,8.686875,497.5625,0.784789644,1,1,0,0,1,0,0,1,0,0,0,0,0,0,0,0,0,1
126,리얼주주,9.877696477,4778.672087,0.980582524,1,1,0,1,0,0,1,0,0,0,0,0,0,0,0,0,0,1
127,리즌,9.878,17394.7,0.96763754,1,3,0,0,1,0,0,1,0,0,0,0,1,0,0,0,0,0
128,리턴,9.854444444,1814,0.977346278,1,1,0,0,1,0,0,0,0,1,0,0,0,0,1,0,0,0
129,마녀사냥,9.854,64932.8,0.993527508,1,1,0,0,1,0,0,0,0,1,0,0,0,0,0,0,0,1
130,마루한 - 구현동화전,9.895496183,11050.74046,0.982200647,1,1,0,1,0,0,0,1,1,1,0,0,0,0,0,0,0,0
131,마술사,9.942843691,14923.58004,0.990291262,1,1,0,0,1,0,0,1,0,0,0,0,0,0,0,0,0,0
132,마야고,9.954444444,20143.77778,0.993527508,1,3,0,0,1,0,0,0,0,0,0,0,1,0,0,0,0,0
133,마주쳤다,9.8025,51361.125,0.974110032,1,1,0,0,1,1,0,0,0,1,0,1,0,0,0,0,0,0
134,만렙소녀 오오라,9.553628319,4807.19469,0.915857605,1,6,1,0,0,0,1,1,0,0,0,0,0,0,0,0,0,0
135,만화사랑 캠페인,7.604,1023.3,0.398058252,1,11,1,0,0,0,0,0,0,0,0,0,0,0,0,0,0,0
136,맛집남녀,7.736938776,6462.918367,0.590614887,1,1,0,0,1,0,1,0,0,0,0,0,0,0,0,0,0,0
137,매지컬 고삼즈,9.940714286,46400.57143,0.995145631,1,1,0,0,1,0,0,1,0,1,0,0,0,0,0,0,0,0
138,멍순이,9.825454545,2754.454545,0.974110032,1,2,0,0,1,0,0,0,0,0,0,1,0,0,0,0,0,0
139,멜로홀릭,9.941818182,8094.090909,0.990291262,1,1,0,0,1,0,0,0,0,0,0,0,1,0,0,0,1,0
140,모던패밀리,9.938787879,6349.590909,0.991909385,1,3,0,0,1,0,1,0,0,0,0,0,0,0,0,0,0,0
141,모던패밀리 2,9.908389831,4323.067797,0.949838188,1,3,1,0,0,0,0,0,0,0,0,0,0,0,0,0,0,0
142,모두에게 완자가,9.730664207,25881.40959,0.954692557,1,1,1,0,0,1,0,0,0,0,0,0,0,0,0,0,0,1
143,모디파이,9.024772727,11777.18182,0.776699029,1,1,0,0,1,0,0,0,0,1,0,0,0,0,0,0,0,0
144,모태솔로수용소,9.935522388,25954.34328,0.988673139,1,1,0,0,1,0,1,1,0,1,0,0,0,0,0,0,0,0
145,목욕의 신 (재),9.966666667,52630.33333,0.998381877,1,5,0,0,1,0,1,0,0,1,0,0,0,0,0,1,0,1
146,무한도전 릴레이툰,9.511428571,173604.5714,0.893203883,1,1,1,0,0,0,1,0,0,0,0,0,0,0,0,0,0,0
147,무한동력,9.928,28108.33333,0.990291262,1,3,0,0,1,0,0,0,0,1,0,0,0,0,0,0,0,0
148,묵회,9.924375,2043.455357,0.985436893,1,2,0,0,1,0,0,0,0,1,0,0,0,1,0,0,0,0
149,문아,9.955927835,10772.91237,0.993527508,1,1,0,0,1,0,0,0,0,1,0,0,0,1,0,0,0,0
150,문유,9.955714286,43832.42857,0.995145631,1,8,0,0,1,0,1,1,0,0,0,0,0,0,0,0,0,1
151,므시미르,9.72,711.1818182,0.954692557,1,1,0,0,1,0,0,0,0,0,0,0,0,1,0,0,0,1
152,미결,9.7875,22760.75,0.980582524,1,1,0,0,1,0,0,0,0,1,0,0,0,0,0,0,0,0
153,미라클! 용사님,9.97,22957.83333,0.995145631,1,1,0,0,1,0,1,1,0,0,0,0,0,0,0,0,0,1
154,미래소녀,9.948,30984.2,0.995145631,1,2,0,0,1,0,0,0,0,1,0,0,1,0,0,0,0,0
155,미선 임파서블,9.9,33276.4,0.988673139,1,3,0,0,1,0,0,0,0,1,0,0,0,0,0,0,0,0
156,미숙한 친구는 G구인,9.913333333,20182.33333,0.991909385,1,3,0,0,1,0,1,0,0,0,0,0,0,0,0,0,0,0
157,미쳐 날뛰는 생활툰,9.780555556,15616.97222,0.96763754,1,1,1,0,0,1,0,0,0,1,0,0,0,0,0,0,0,0
158,미호이야기,9.954814815,11405.22222,0.995145631,1,3,0,0,1,0,0,1,0,0,0,0,0,0,0,0,0,1
159,바나나걸,9.770909091,616.9090909,0.957928803,1,4,0,1,0,1,1,0,0,0,0,0,0,0,0,0,0,0
160,바람의 색,9.926333333,12276.33333,0.988673139,1,1,0,0,1,0,0,0,0,1,0,0,0,0,0,1,0,0
161,바람이 머무는 난,9.945263158,16649.68421,0.993527508,1,1,0,0,1,0,0,1,0,0,0,0,0,0,0,0,0,1
162,바로잡는 순애보,9.921555556,12930.02222,0.991909385,1,1,0,0,1,0,0,1,0,1,0,0,0,0,0,0,0,1
163,바이올린처럼.,9.914666667,2101.066667,0.987055016,1,1,0,0,1,0,0,0,0,1,1,0,0,0,0,0,0,0
164,반월,9.650416667,688.1666667,0.935275081,1,1,0,0,1,0,0,0,0,1,0,0,0,1,0,0,0,0
165,반지의제왕,5.361,1730.3,0.234627832,1,1,0,0,1,0,0,1,0,0,0,0,0,0,0,0,0,0
166,밥풀때기,9.829294118,5651.847059,0.969255663,1,1,1,0,0,0,1,0,0,0,0,0,0,0,0,0,0,0
167,방울토마토,9.956346154,13720.29808,0.993527508,1,3,0,0,1,0,0,0,0,1,1,0,0,0,0,0,0,0
168,뱀파이어,9.945294118,17226,0.993527508,1,3,0,0,1,0,0,1,1,0,0,0,0,0,0,0,0,0
169,뱀피르,9.907307692,8310.307692,0.985436893,1,1,0,0,1,0,0,1,1,0,0,0,0,0,0,0,0,1
170,버닝헬,9.935,23768.5,0.993527508,1,4,0,0,1,0,0,1,1,0,0,0,0,1,0,1,0,0
171,버퍼링,9.957142857,14050.85714,0.991909385,1,1,0,0,1,0,0,1,0,0,0,0,1,0,0,0,0,0
172,버프소녀 오오라,9.920909091,14662.81818,0.987055016,1,6,0,0,1,0,1,0,0,0,0,0,0,0,0,0,0,0
173,번개기동대 2009,9.674117647,422.5882353,0.946601942,1,1,0,0,1,0,0,1,0,0,0,0,0,0,0,0,0,1
174,번데기스,7.972727273,428.3636364,0.673139159,1,1,0,0,1,0,0,0,0,0,0,0,0,0,1,0,0,1
175,별의 유언,9.948,16359.4,0.995145631,1,5,0,0,1,0,0,1,0,1,0,0,0,0,0,0,0,1
176,봄이여 오라,9.933529412,5607.156863,0.990291262,1,1,0,0,1,0,0,0,0,1,0,0,0,0,0,0,0,0
177,부부생활,9.947246377,10576.72464,0.991909385,1,1,1,0,0,1,0,0,0,0,0,1,0,0,0,0,0,0
178,부토,9.922790698,7024.697674,0.988673139,1,1,1,0,0,1,1,0,0,0,0,0,0,0,0,0,0,1
179,불량 뱀파이어,9.329,2113.5,0.865695793,1,1,0,0,1,0,0,1,0,0,0,0,0,0,0,0,0,0
180,불만시대,9.857058824,14798.4902,0.966019417,1,4,0,0,1,0,1,0,0,1,0,0,0,0,0,0,0,0
181,붉은 실,9.947777778,39982.77778,0.991909385,1,1,0,0,1,0,0,1,0,1,0,0,0,0,0,0,0,1
182,블라인드,9.222380952,573.952381,0.857605178,1,1,0,1,0,0,0,0,0,0,1,0,0,0,0,0,0,0
183,블랙수트,9.537777778,32524.11111,0.948220065,1,1,0,0,1,0,0,0,0,1,1,0,0,0,0,0,0,1
184,블랙시저스,9.9440625,8438.203125,0.993527508,1,1,0,0,1,0,0,1,1,0,0,0,0,0,0,0,0,0
185,블레이드 노트,9.964,19188.96,0.995145631,1,1,0,0,1,0,0,1,1,1,0,0,0,0,0,0,0,0
186,비바 산티아고,9.792727273,2821.545455,0.975728155,1,2,0,0,1,1,0,0,0,1,0,0,0,0,0,0,0,0
187,비흔,9.93964467,7720.71066,0.991909385,1,1,0,0,1,0,0,0,0,0,0,0,0,1,0,0,0,0
188,빙의,9.95,28906,0.996763754,1,3,0,0,1,0,0,0,0,0,0,0,1,0,0,0,0,0
189,빨간책,9.774615385,14914.42308,0.966019417,1,7,1,0,0,0,0,1,0,0,0,0,1,0,0,0,0,0
190,빵점동맹,9.591578947,22055.97368,0.927184466,1,4,0,0,1,0,1,0,0,1,0,0,0,0,0,0,0,0
191,삐뚤빼뚤해도 괜찮아,9.93255814,12337.97674,0.990291262,1,3,0,0,1,1,0,0,0,0,0,0,0,0,0,0,0,0
192,사노라면,9.7225,1435.625,0.964401294,1,2,0,1,0,0,0,0,0,1,0,0,0,0,0,0,0,0
193,사또(Satto),9.854166667,6857.75,0.969255663,1,2,0,0,1,0,0,1,0,1,0,0,0,0,0,0,0,0
194,사랑in,9.37,206.875,0.92394822,1,1,0,1,0,0,0,0,0,0,1,0,0,0,0,0,0,1
195,사랑을 연기하다,9.794285714,28973.71429,0.951456311,1,1,0,0,1,0,0,0,0,1,0,0,0,0,0,0,0,0
196,사랑의 아쿠아리움,9.94810219,7565.883212,0.993527508,1,2,0,0,1,0,1,0,0,1,0,0,0,0,0,0,0,0
197,사랑의 외계인,9.956825397,8121.142857,0.993527508,1,3,0,0,1,0,0,1,0,1,0,0,0,0,0,0,0,0
198,사이드킥,9.89,10027.18182,0.991909385,1,6,0,0,1,0,0,1,1,0,0,0,0,0,0,0,0,1
199,사이드킥2,9.975384615,18345.46154,0.996763754,1,6,0,0,1,0,0,1,1,0,0,0,0,0,0,0,0,0
200,삵의 발톱,9.89,3127.923077,0.987055016,1,1,0,0,1,0,0,0,0,0,0,0,0,1,0,0,0,0
201,삼국전투기,9.680816327,2395.530612,0.896440129,1,2,0,1,0,0,1,0,0,0,0,0,0,1,0,0,0,1
202,삼봉이발소,9.922,28355.2,0.991909385,1,5,0,0,1,0,0,0,0,1,0,0,0,0,0,0,0,1
203,새끼손가락,9.937631579,4733.539474,0.990291262,1,3,0,0,1,0,0,0,0,1,0,0,0,0,0,0,1,0
204,새벽9시,9.664545455,17953,0.953074434,1,1,0,0,1,0,0,0,0,0,0,0,1,0,0,0,0,0
205,새와 같이,9.9425,29001,0.993527508,1,5,0,0,1,0,0,0,0,1,1,1,0,0,0,0,0,0
206,색으로 말하다,9.895238095,3650.904762,0.98381877,1,4,0,1,0,0,0,0,0,1,0,0,0,0,0,0,0,0
207,샌프란시스코 화랑관,9.980661157,14984.92562,0.998381877,1,2,0,0,1,0,0,0,0,0,0,1,0,0,0,0,0,1
208,생활의참견,9.943406593,7505.032967,0.993527508,1,1,1,0,0,1,1,0,0,0,0,0,0,0,0,0,0,1
209,섀도우,9.957692308,24112.23077,0.995145631,1,1,0,0,1,0,0,1,0,1,0,0,0,0,0,0,0,0
210,세개의시간,9.929230769,4372.615385,0.98381877,1,5,0,0,1,0,0,0,0,1,1,0,0,0,0,0,0,1
211,소곤소곤,9.9728,29285.88,0.996763754,1,3,0,1,0,0,0,0,0,0,0,0,1,0,0,0,0,0
212,소나기야,9.949230769,15872.26923,0.993527508,1,2,0,0,1,0,0,0,0,1,0,1,0,0,0,0,0,1
213,소녀더와일즈,9.920909091,39289.54545,0.90776699,1,1,0,0,1,0,0,0,1,1,0,0,0,0,0,0,0,1
214,소년전[Limit],9.786176471,5838.338235,0.957928803,1,1,0,0,1,0,0,1,0,0,0,0,0,0,0,0,0,0
215,소설가J,9.93,5605.142857,0.990291262,1,4,0,0,1,0,0,0,0,1,0,0,0,0,0,0,0,0
216,소울카르텔,9.946,13282.8,0.995145631,1,1,0,0,1,0,0,1,0,0,0,0,0,0,0,0,0,0
217,손의 흔적,9.918,10202,0.885113269,1,2,0,0,1,0,0,0,0,1,0,0,0,0,0,0,1,0
218,송곳 1~3부,9.94,71406.5,0.995145631,1,2,0,0,1,0,0,0,0,1,0,0,0,0,0,0,1,1
219,송곳 4~5부,9.91,29652,0.991909385,1,2,0,0,1,0,0,0,0,1,0,0,0,0,0,0,0,1
220,수사9단,9.905,6011,0.98381877,1,6,0,1,0,0,0,0,0,0,0,0,1,0,0,0,0,1
221,수업시간그녀,9.8925,35408,0.991909385,1,4,0,0,1,1,0,0,0,1,0,1,0,0,0,1,0,1
222,숲 속의 미마,9.976666667,24132.13333,0.998381877,1,5,0,0,1,0,0,1,0,1,0,0,0,0,0,0,0,0
223,슈퍼 시크릿,9.984513889,40471.22222,0.998381877,1,1,1,0,0,0,0,1,0,0,1,1,0,0,0,0,0,1
224,슈퍼트리오,9.28,1163,0.8802589,1,3,0,0,1,0,1,0,0,1,0,0,0,0,0,0,0,1
225,스마일브러시,9.941282051,4451.282051,0.991909385,1,2,1,0,0,1,0,0,0,0,0,1,0,0,0,0,0,1
226,스쿨홀릭,9.913818182,6551.281818,0.98381877,1,6,1,0,0,1,1,0,0,0,0,0,0,0,0,0,0,1
227,스토커,9.938888889,11134.44444,0.990291262,1,2,0,0,1,0,0,0,0,1,0,0,1,0,0,1,0,0
228,스튜디오 짭쪼롬,9.942,60579,0.996763754,1,2,0,0,1,0,0,0,0,1,1,0,0,0,0,0,0,1
229,스페이스 차이나드레스,9.8875,14334.375,0.982200647,1,1,0,0,1,0,1,1,1,0,0,0,0,0,0,0,0,1
230,스페이스 킹,9.936848485,3278.575758,0.988673139,1,2,0,0,1,0,0,1,0,0,0,0,0,0,0,0,0,0
231,스펙트럼 분석기,9.787058824,43880.23529,0.969255663,1,1,0,0,1,0,0,0,0,1,0,0,0,0,0,0,0,0
232,시간의 섬,9.756118421,7085.605263,0.969255663,1,1,0,0,1,0,0,1,0,0,0,0,0,0,0,0,0,0
233,시노딕,9.922954545,3139.284091,0.991909385,1,2,0,0,1,0,0,1,0,1,0,0,0,0,0,0,0,0
234,시큼새큼,9.947931034,44540.17241,0.985436893,1,1,0,0,1,0,0,0,0,0,1,0,0,0,0,0,0,0
235,시타를 위하여,9.9375,47411,0.996763754,1,2,0,0,1,0,0,1,0,0,1,0,0,0,0,0,0,1
236,식스센스,9.226849315,328.5616438,0.875404531,1,1,1,0,0,1,1,0,0,0,0,0,0,0,0,0,0,0
237,신령,9.950625,35878.03125,0.996763754,1,4,0,0,1,0,0,1,0,1,0,0,0,0,0,0,0,0
238,실질객관동화,9.908684211,8246.563158,0.985436893,1,5,1,0,0,0,1,0,0,0,0,0,0,0,0,0,0,1
239,실질객관영화,9.77,32787.34615,0.95631068,1,5,1,0,0,0,1,0,0,0,0,0,0,0,0,0,0,0
240,심부름센터 K,9.635,4360.125,0.94012945,1,6,0,1,0,0,1,0,0,0,0,0,0,0,0,0,0,0
241,심심한 마왕,9.904545455,27564.81818,0.978964401,1,1,0,0,1,0,1,1,0,0,0,0,0,0,0,0,0,0
242,심장이뛰다,9.929,3119.3,0.990291262,1,1,0,0,1,0,0,0,0,1,0,0,0,0,0,0,0,0
243,싸우자귀신아,9.909548872,17387.49624,0.985436893,1,3,0,1,0,0,0,1,0,1,0,0,0,0,0,0,1,1
244,썸남,9.968356164,24369.54795,0.996763754,1,1,1,0,0,1,1,0,0,0,0,0,0,0,0,0,1,0
245,쎈놈,9.782,7511.533333,0.912621359,1,4,0,0,1,0,0,0,1,0,0,0,0,0,0,0,0,0
246,쎈놈 외전,9.8,9269,0.985436893,1,4,0,0,1,0,0,0,1,0,0,0,0,0,0,0,0,0
247,아는사람 이야기,9.956,34506.4,0.991909385,1,2,0,0,1,0,0,0,0,1,1,0,0,0,0,0,0,1
248,아랫집 시누이,9.948947368,60775.03509,0.993527508,1,3,1,0,0,1,0,0,0,0,0,0,0,0,0,0,0,1
249,아부쟁이,9.918435374,5014.435374,0.987055016,1,3,0,0,1,0,0,0,0,1,0,0,0,0,0,0,0,0
250,아스란영웅전,9.951313869,6388.934307,0.991909385,1,2,0,1,0,0,0,1,0,0,0,0,0,0,0,0,0,0
251,아이덴티티,9.97125,23224.5,0.998381877,1,1,0,0,1,0,0,0,0,1,0,1,0,0,0,0,0,0
252,아이돌 연구소,9.463076923,4773.346154,0.911003236,1,1,1,0,0,0,1,0,0,0,0,0,0,0,0,0,0,1
253,아이들은 즐겁다,9.949655172,42542.48276,0.993527508,1,2,0,0,1,1,0,0,0,1,0,1,0,0,0,0,0,1
254,아이들의 권 선생님,9.944,51129.1,0.993527508,1,1,0,1,0,0,0,0,0,1,0,0,0,0,0,0,0,1
255,"아이소포스 1, 2부",9.9325,21369,0.995145631,1,2,0,0,1,0,0,0,0,1,0,0,0,1,0,0,0,1
256,아이소포스 3부,9.89,17705,0.993527508,1,2,0,0,1,0,0,1,0,0,0,0,0,1,0,0,0,1
257,아일랜드 1부,9.957272727,19987.63636,0.995145631,1,4,0,0,1,0,0,1,0,0,0,0,1,0,0,0,0,1
258,아프니까 병원이다,9.890947368,9905.126316,0.98381877,1,3,1,0,0,1,0,0,0,1,0,0,0,0,0,0,0,0
259,악당의 사연,9.879090909,11765.27273,0.988673139,1,7,0,0,1,0,1,0,0,0,0,0,0,0,0,0,0,1
260,악의는 없다,9.9,29721.5,0.917475728,1,2,0,0,1,0,0,0,0,0,0,0,1,0,0,0,0,0
261,악플게임,9.626,79565.4,0.975728155,1,9,0,0,1,0,0,0,0,1,0,0,0,0,0,0,0,0
262,안 돼요 마왕님!,9.936470588,33904.82353,0.995145631,1,1,0,0,1,0,0,0,0,1,1,0,0,0,0,0,0,0
263,안나라수마나라,9.943333333,37822.16667,0.993527508,1,5,0,0,1,0,0,0,0,1,0,0,0,0,0,0,0,1
264,알게뭐야,9.94,34944.83333,0.995145631,1,1,0,0,1,0,1,0,0,1,0,0,0,0,0,0,1,1
265,야! 오이,9.89,8297.090909,0.988673139,1,7,0,0,1,0,1,0,0,0,0,0,0,0,0,0,0,0
266,야부리맨,9.845882353,7082.786765,0.975728155,1,9,0,0,1,0,1,0,1,0,0,0,0,0,0,0,0,0
267,어빌리티,9.761311475,9594,0.962783172,1,3,0,0,1,0,0,1,1,0,0,0,0,0,0,0,0,0
268,어서오세요.305호에,9.956363636,21440.54545,0.995145631,1,2,0,0,1,0,0,0,0,1,0,0,0,0,0,0,0,1
269,언더클래스 히어로,9.95955414,8232.407643,0.993527508,1,4,0,0,1,0,0,1,1,0,0,0,0,0,0,0,0,0
270,언더프린,9.954558824,16854.14706,0.993527508,1,3,0,0,1,0,0,1,0,0,0,0,0,0,0,0,0,1
271,언터처블,9.95,49971.5,0.996763754,1,2,0,0,1,0,0,1,0,1,1,0,0,0,0,0,0,0
272,얼룩말,9.955769231,7728.615385,0.993527508,1,2,0,0,1,0,0,0,0,1,0,0,0,0,0,0,0,0
273,엄마와 딸 x2,9.951111111,28649.33333,0.996763754,1,1,1,0,0,1,0,0,0,1,0,0,0,0,0,0,0,1
274,에피소드메이비,9.872440945,498.976378,0.978964401,1,3,0,0,1,0,0,0,0,0,1,0,0,0,0,0,0,0
275,여중생A,9.977058824,43520.17647,0.998381877,1,2,0,0,1,0,0,0,0,1,0,1,0,0,0,1,0,1
276,여탕보고서,9.89125,60607.625,0.993527508,1,1,1,0,0,0,1,0,0,0,0,0,0,0,0,0,0,1
277,역전! 야매요리,9.847571429,57718.37857,0.972491909,1,1,1,0,0,1,1,0,0,0,0,0,0,0,0,0,0,1
278,연,9.7848,2380.12,0.964401294,1,2,0,1,0,0,0,0,0,0,0,0,1,0,0,0,0,0
279,연 시즌2,9.774736842,5092.657895,0.964401294,1,2,0,0,1,0,0,0,0,0,0,0,1,0,0,0,0,0
280,연애세포,9.91,6006.727273,0.988673139,1,3,0,0,1,0,0,1,0,1,0,0,0,0,0,0,0,0
281,연옥님이 보고계셔,9.866666667,1859.52381,0.975728155,1,3,0,0,1,0,0,0,0,1,0,0,0,0,0,0,0,1
282,열무가 익어간다,9.922,20617.8,0.990291262,1,2,0,0,1,0,0,0,0,1,1,0,0,0,0,0,0,0
283,열쇠줍는아이,9.878235294,1525.882353,0.975728155,1,2,0,0,1,0,0,1,0,1,0,0,0,0,0,0,0,0
284,열아홉스물하나,9.951363636,15137.04545,0.993527508,1,4,0,0,1,0,0,0,0,1,1,0,0,0,0,0,0,1
285,열일곱,6.3175,25933.875,0.300970874,1,1,0,0,1,0,0,0,0,0,1,0,0,0,0,0,1,0
286,영수의 봄,9.93,29235,0.995145631,1,1,0,0,1,0,0,0,0,1,1,0,0,0,0,0,0,1
287,영웅열공전,9.89,5218,0.978964401,1,4,0,0,1,0,1,0,0,0,0,0,0,0,0,0,0,0
288,옆집화랑,9.926857143,4542.67619,0.988673139,1,2,0,0,1,0,0,1,0,0,0,0,0,0,0,0,0,0
289,오!주예수여,9.979440559,34095.97902,0.998381877,1,1,0,0,1,0,0,1,0,0,1,0,0,0,0,0,0,0
290,오늘도 핸드메이드!,9.969,15129.6,0.996763754,1,1,1,0,0,1,0,0,0,0,0,0,0,0,0,0,0,1
291,오늘부터 주군,9.34,56507.8,0.941747573,1,2,0,0,1,0,1,1,0,1,0,0,0,0,0,0,0,0
292,오늘의 낭만부,9.606990291,7239.31068,0.932038835,1,3,0,0,1,0,0,0,0,1,0,0,0,0,0,0,0,0
293,오란씨100,9.23,5736.8,0.957928803,1,2,0,0,1,0,1,0,0,1,0,0,0,0,0,0,0,0
294,오렌지 마말레이드,9.934285714,32500.42857,0.987055016,1,4,0,0,1,0,0,0,0,1,1,0,0,0,0,0,1,1
295,오민혁 단편선,9.9675,29614.5,0.996763754,1,1,0,1,0,0,0,0,0,1,0,1,0,0,0,0,0,0
296,오빠 왔다,9.828986014,39460.3007,0.953074434,1,1,1,0,0,0,1,0,0,0,0,0,0,0,0,0,0,0
297,오성X한음,9.947027027,5349.972973,0.993527508,1,2,0,0,1,0,0,0,0,1,0,0,0,1,0,0,0,0
298,오즈랜드,9.973,22242.45,0.998381877,1,2,0,0,1,0,0,1,0,0,0,0,0,0,0,0,0,0
299,올해의 벚꽃도 함께,9.9725,17789,0.996763754,1,4,0,0,1,1,0,0,0,0,1,1,0,0,0,0,0,0
300,와라! 편의점,9.812727273,9809.131313,0.977346278,1,1,1,0,0,1,1,0,0,0,0,0,0,0,0,0,0,1
301,와일드와일드워커스,9.9,2784.6,0.988673139,1,4,0,0,1,0,1,0,0,0,0,0,0,0,0,0,0,0
302,와탕카,9.651572238,210,0.946601942,1,2,1,0,0,1,1,0,0,0,0,0,0,0,0,0,0,0
303,와탕카2,9.238596491,383.3157895,0.833333333,1,2,1,0,0,1,1,0,0,0,0,0,0,0,0,0,0,0
304,완벽한 허니문,9.965714286,38355.92857,0.996763754,1,1,0,0,1,0,0,0,0,1,1,0,0,0,0,0,0,1
305,요리대마왕,9.881818182,5545.545455,0.988673139,1,7,0,0,1,0,1,1,0,0,0,0,0,0,0,0,0,0
306,용의 아들 최창식,9.858876404,15848.95506,0.975728155,1,3,0,0,1,0,0,1,0,0,0,0,0,0,0,0,0,0
307,용이산다,9.773333333,48105.68841,0.964401294,1,1,0,0,1,1,0,1,0,0,0,0,0,0,0,0,0,1
308,우렁집사,9.928,21365.8,0.991909385,1,2,0,0,1,0,0,0,0,1,1,0,0,0,0,0,0,0
309,우리 헤어졌어요,9.94,57693.75,0.98381877,1,1,0,0,1,0,0,0,0,1,1,0,0,0,0,0,1,1
310,우리들은 푸르다,9.565735736,15411.23724,0.888349515,1,1,0,1,0,0,1,0,0,0,0,0,0,0,0,0,0,0
311,우리의 이상한 여행,9.694,7317.4,0.966019417,1,2,0,0,1,0,0,0,0,1,1,0,0,0,0,0,0,0
312,우바우,9.969034091,6264.392045,0.996763754,1,1,0,1,0,1,0,0,0,0,0,1,0,0,0,0,0,0
313,우주전함 몰라몰라,9.55027027,6279.648649,0.927184466,1,3,0,0,1,0,1,0,0,0,0,0,0,0,0,0,0,0
314,운빨로맨스,9.902857143,21905.71429,0.995145631,1,2,0,0,1,0,0,0,0,1,1,0,0,0,0,0,1,1
315,움비처럼,9.89507874,2966.027559,0.98381877,1,4,1,0,0,0,0,0,0,0,0,1,0,0,0,0,0,1
316,원 뿔러스 원,9.95,44816.25,0.996763754,1,1,0,0,1,0,0,1,0,1,0,0,0,0,0,0,0,0
317,원미동 백수,9.520952381,805.0952381,0.927184466,1,1,0,0,1,0,0,0,0,1,0,0,0,0,0,0,0,0
318,원티드,9.924548495,8290.397993,0.990291262,1,3,0,0,1,0,0,1,0,0,0,0,0,0,0,0,1,0
319,월남특급,9.876489362,5798.329787,0.980582524,1,1,0,0,1,0,0,1,0,1,0,0,0,0,0,0,0,0
320,웨스트우드 비브라토,9.7925,4298,0.988673139,1,3,0,1,0,0,0,0,0,1,0,0,0,0,0,0,1,1
321,위아더 능력자!,9.932222222,29281.16667,0.990291262,1,1,0,0,1,0,1,0,0,0,0,0,0,0,0,0,0,1
322,윈터우즈,9.971666667,46506.83333,0.998381877,1,1,0,0,1,0,0,1,0,0,1,0,0,0,0,0,0,1
323,유토피아,9.924,5556.3,0.993527508,1,1,0,0,1,0,0,0,0,1,0,0,0,0,0,0,0,0
324,은주의 방,9.953255814,31622.30233,0.993527508,1,5,0,0,1,1,0,0,0,1,0,0,0,0,0,0,0,1
325,은하연인전,9.77556338,2519.633803,0.962783172,1,1,0,0,1,0,0,1,0,0,1,0,0,0,0,0,0,0
326,"이기자, 그린",9.938,20238,0.995145631,1,4,0,0,1,0,0,0,0,1,0,0,0,0,0,0,0,0
327,이런 영웅은 싫어,9.97,31747.56106,0.996763754,1,1,0,0,1,0,0,1,0,1,0,0,0,0,0,0,0,1
328,이말년 서유기,9.92375,50049.5,0.817152104,1,4,0,0,1,0,1,1,0,0,0,0,0,0,0,0,0,1
329,이말년씨리즈,9.706352201,17968.15094,0.834951456,1,4,0,1,0,0,1,0,0,0,0,0,0,0,0,0,0,1
330,이별만화 완성도,9.902097902,5092.216783,0.977346278,1,1,0,0,1,0,1,0,0,1,0,0,0,0,0,0,0,0
331,인챈트-나람이야기,9.964,23965.6,0.993527508,1,2,0,0,1,0,0,1,0,1,0,0,0,0,0,0,0,0
332,일등당첨,9.843333333,56333.83333,0.885113269,1,9,0,0,1,0,0,0,0,1,0,0,0,0,0,0,0,0
333,일사부재리,9.926785714,5619.214286,0.991909385,1,1,0,0,1,0,0,1,0,0,0,0,1,0,0,0,0,1
334,일상날개짓,9.941460674,14295.17228,0.991909385,1,1,1,0,0,1,0,0,0,0,0,1,0,0,0,0,0,1
335,일편단심화,9.775652174,1086.478261,0.96763754,1,2,1,0,0,0,0,0,0,0,0,1,0,0,0,0,0,0
336,잉잉잉,9.936923077,6187.653846,0.991909385,1,1,0,0,1,0,1,0,0,0,0,0,0,0,0,0,0,1
337,자율공상축구탐구만화,9.250442478,436.0088496,0.881877023,1,8,0,1,0,0,0,0,0,0,0,0,0,0,1,0,0,0
338,잡다한컷,9.915205479,10395.79452,0.987055016,1,1,1,0,0,1,0,0,0,0,0,0,0,0,0,0,0,1
339,장미아파트 공경비,9.94,26839.84,0.953074434,1,1,0,0,1,1,0,0,0,1,0,0,0,0,0,0,0,0
340,재앙은 미묘하게,9.97,34397.2,0.995145631,1,2,0,0,1,0,0,0,0,1,0,0,1,0,0,0,1,1
341,저승에서 만난 사람들,9.975,36609.75,0.998381877,1,1,0,0,1,0,0,0,0,1,0,0,1,0,0,0,0,0
342,적생,9.9325,26261.75,0.993527508,1,1,0,0,1,0,0,0,0,0,0,0,1,0,0,0,0,0
343,전설의 레전드,9.5,42380.8,0.95631068,1,5,0,0,1,0,1,0,1,0,0,0,0,0,0,0,0,0
344,절벽귀 (재),9.965,27714,0.996763754,1,4,0,0,1,0,0,0,0,0,0,0,1,0,0,0,0,0
345,정열맨,9.564,14569.9,0.792880259,1,2,0,0,1,0,1,0,0,0,0,0,0,0,0,0,0,1
346,제로,9.788095238,394.8571429,0.962783172,1,1,0,0,1,0,0,1,0,1,0,0,0,0,0,0,0,0
347,제주구슬할망,9.758571429,594.8571429,0.959546926,1,1,0,0,1,0,0,0,0,1,0,0,0,1,0,0,0,0
348,제페토,9.945333333,11901.66667,0.993527508,1,2,0,0,1,0,0,1,0,0,0,0,0,0,0,0,0,0
349,조석축구만화,9.815789474,3106.842105,0.970873786,1,8,1,0,0,0,0,0,0,0,0,0,0,0,1,0,0,0
350,조선좀비실록,9.8,10521.63235,0.977346278,1,1,0,0,1,0,0,1,0,0,0,0,1,0,0,0,0,0
351,죄의 파편,9.948,39332.2,0.993527508,1,1,0,0,1,0,0,0,0,0,0,0,1,0,0,0,0,0
352,죽은 마법사의 도시,9.947027027,24925.52703,0.993527508,1,1,0,0,1,0,0,1,0,0,0,0,1,0,0,0,0,0
353,중립디자인구역,9.778,24810.2,0.948220065,1,2,0,0,1,0,0,1,0,1,0,0,0,0,0,0,0,1
354,지상 최악의 소년,9.879090909,14654.45455,0.980582524,1,2,0,0,1,0,0,1,0,1,0,0,0,0,0,0,0,1
355,지새는 달,9.945517241,9074.068966,0.991909385,1,1,0,0,1,0,0,1,0,1,0,0,0,0,0,0,0,1
356,지원,9.92962963,4167.611111,0.990291262,1,3,0,0,1,0,0,0,1,1,0,0,0,0,0,0,0,0
357,지캠단편 2017,9.907777778,16572.94444,0.982200647,1,11,0,1,0,1,1,1,0,1,1,0,1,1,0,0,0,0
358,진진돌이 에볼루션,9.916666667,4506.666667,0.987055016,1,1,0,0,1,0,0,1,0,0,0,0,0,0,0,0,0,1
359,진진돌이 제로,9.920512821,10152.30769,0.988673139,1,1,0,0,1,0,0,0,1,0,0,0,0,0,0,0,0,0
360,질풍기획 시즌1,9.956785714,13138.35714,0.995145631,1,3,0,0,1,1,1,0,0,0,0,0,0,0,0,1,1,1
361,질풍기획 시즌2,9.973561644,14907.9863,0.996763754,1,3,0,0,1,0,1,0,0,1,0,0,0,0,0,0,1,1
362,징글정글,9.744615385,1292.307692,0.972491909,1,2,1,0,0,0,0,0,0,0,0,1,0,0,0,0,0,0
363,찌질의 역사,9.952727273,23864.63636,0.98381877,1,1,0,0,1,0,0,0,0,1,0,0,0,0,0,1,0,1
364,차원이 다른 만화,9.955694444,17101.70833,0.993527508,1,3,0,1,0,0,1,0,0,1,0,0,0,0,0,0,0,0
365,차차차,9.95203125,10293.09375,0.991909385,1,2,0,1,0,0,0,0,0,1,0,0,0,0,0,0,0,0
366,참치와 돌고래,9.971636364,17675.6,0.996763754,1,1,0,0,1,1,0,0,0,1,0,1,0,0,0,0,0,0
367,창위의일루젼,9.173030303,565.3939394,0.867313916,1,1,0,0,1,0,0,0,0,0,0,0,0,0,0,0,0,0
368,천국의 신화 6부,9.932244898,4276.887755,0.990291262,1,1,0,0,1,0,0,0,0,0,0,0,0,1,0,0,0,1
369,천년구미호,9.953333333,29729.58333,0.995145631,1,1,0,0,1,0,0,1,0,0,0,0,0,0,0,0,0,1
370,천적,9.8575,9670.75,0.974110032,1,1,0,1,0,1,0,0,0,0,0,0,0,0,0,0,0,0
371,첩보의 별,9.886349206,8547.222222,0.978964401,1,3,0,0,1,0,1,0,1,0,0,0,0,0,0,0,0,0
372,첩보의 별 시즌2,9.922108434,3105.572289,0.988673139,1,3,0,0,1,0,1,0,0,0,0,0,0,0,0,0,0,0
373,체스아일,9.865846154,643.4,0.978964401,1,1,0,0,1,0,0,0,0,0,0,0,0,0,0,0,0,0
374,체크포인트,9.962121212,23554.30303,0.995145631,1,1,0,0,1,0,0,0,0,1,0,0,0,0,0,0,0,0
375,출격! 반보트,9.93,7260.266667,0.987055016,1,2,0,0,1,0,1,1,0,1,0,0,0,0,0,0,0,0
376,취업의소리,9.16125,606.875,0.86407767,1,1,1,0,0,1,1,0,0,0,0,0,0,0,0,0,0,0
377,치즈인더트랩 1~3부,9.956875,57549.6875,0.995145631,1,2,0,0,1,0,0,0,0,1,0,0,0,0,0,1,1,1
378,치즈인더트랩 4부,9.965714286,60791.57143,0.996763754,1,2,0,0,1,0,0,0,0,1,1,0,0,0,0,1,1,1
379,카라멜마끼아또,9.90393617,2006.191489,0.985436893,1,3,0,1,0,1,0,0,0,0,1,0,0,0,0,0,0,0
380,카오스어택,9.938333333,25684.5,0.993527508,1,2,0,0,1,0,0,1,0,0,0,0,0,0,0,0,0,0
381,커피우유신화,9.93092437,5395.453782,0.990291262,1,4,0,0,1,0,0,1,0,0,0,0,0,0,0,0,0,1
382,컨트롤제트,9.933636364,29775.27273,0.990291262,1,9,0,0,1,0,0,0,0,0,0,0,1,0,0,0,0,0
383,콘스탄쯔 이야기,9.932403846,2703.298077,0.990291262,1,1,0,0,1,0,0,0,0,1,0,0,0,0,0,0,0,0
384,크레이지 커피 캣,9.8685,2142.65,0.970873786,1,1,0,0,1,0,0,0,0,0,1,0,0,0,0,0,0,1
385,크레이터,9.925454545,16245,0.990291262,1,1,0,0,1,0,0,0,1,1,0,0,0,0,0,0,0,0
386,크리퍼스큘,9.955833333,23162.53333,0.991909385,1,1,0,0,1,0,0,1,0,0,0,0,0,0,0,0,0,1
387,키드갱 시즌2,9.805,13540,0.991909385,1,3,0,0,1,0,1,0,1,0,0,0,0,0,0,0,0,1
388,키스우드,9.957,8293.2,0.993527508,1,2,0,0,1,0,0,1,0,0,0,0,0,0,0,0,0,1
389,킥,7.938648649,15063.39189,0.637540453,1,5,0,0,1,0,0,0,1,0,0,0,0,0,0,0,0,1
390,킬러 김빵빵,9.84721519,4376.367089,0.972491909,1,1,0,1,0,0,1,0,0,0,0,0,0,0,0,0,0,0
391,킬러분식,9.945,28518.83333,0.990291262,1,3,0,0,1,0,0,0,1,0,0,0,0,0,0,0,0,0
392,타임인조선,9.959375,20450.125,0.990291262,1,2,0,0,1,0,1,0,0,0,0,0,0,0,0,0,0,1
393,타투,9.231290323,348.6774194,0.870550162,1,1,0,1,0,0,0,1,0,0,0,0,0,0,0,1,0,0
394,탈(TAL),9.947007042,13091.26408,0.991909385,1,1,0,0,1,0,0,1,0,0,0,0,0,0,0,0,0,0
395,탐구생활2,9.74671875,140.9375,0.962783172,1,1,0,0,1,1,1,0,0,0,0,0,0,0,0,0,0,0
396,탐구생활3,9.793076923,840.7692308,0.96763754,1,1,0,1,0,1,1,0,0,0,0,0,0,0,0,0,0,0
397,태왕광개토,9.765862069,329.9482759,0.962783172,1,1,0,0,1,0,0,0,0,0,0,0,0,1,0,0,0,0
398,터치! 메리크리스마스,9.749,10517.7,0.966019417,1,11,1,0,0,1,1,0,0,1,1,1,1,0,0,0,0,0
399,테제,9.620217391,3620.391304,0.932038835,1,1,0,0,1,0,0,1,0,0,0,0,0,0,0,0,0,0
400,퇴마전쟁,9.857169811,13917.20755,0.975728155,1,3,0,0,1,0,0,1,1,0,0,0,0,0,0,0,0,0
401,투명한 동거,9.952,60640.8,0.987055016,1,1,0,0,1,0,0,0,0,0,1,0,0,0,0,0,0,1
402,투엔티스,9.946,42158.8,0.991909385,1,3,0,0,1,0,0,0,0,1,0,0,0,0,0,0,0,1
403,트라우마,9.910592992,1828.070081,0.987055016,1,4,1,0,0,1,1,0,0,0,0,0,0,0,0,0,0,0
404,파도의 주인,9.973,16178.5,0.998381877,1,1,0,0,1,0,0,1,0,1,0,1,0,0,0,0,0,0
405,파라다이스,9.781181102,4174.535433,0.951456311,1,3,0,0,1,0,0,1,0,0,0,0,0,0,0,0,0,1
406,판다독,9.835264977,3674.209677,0.975728155,1,1,1,0,0,1,1,0,0,0,0,0,0,0,0,0,0,0
407,판타스틱 어른백서,9.151176471,472.9607843,0.843042071,1,1,1,0,0,0,1,0,0,0,0,0,0,0,0,0,0,0
408,패밀리맨,9.93,5241,0.980582524,1,2,0,0,1,0,0,0,0,1,0,0,0,0,0,0,0,1
409,패션왕,8.98875,55107.25,0.729773463,1,3,0,0,1,0,1,0,0,0,0,0,0,0,0,1,1,1
410,페르샤,9.876,9421.44,0.982200647,1,2,0,0,1,0,0,1,0,0,0,0,0,1,0,0,0,0
411,페르샤 시즌2,9.965652174,6681.014493,0.995145631,1,2,0,0,1,0,0,0,0,1,0,0,0,1,0,0,0,0
412,펫다이어리,9.953469388,7411.510204,0.993527508,1,4,0,0,1,0,0,0,0,1,0,0,0,0,0,0,0,0
413,펫다이어리2.런,9.950208333,4902.5,0.993527508,1,4,0,0,1,0,0,0,0,1,0,0,0,0,0,0,0,0
414,폭풍의 전학생,9.875454545,18360.09091,0.928802589,1,5,0,0,1,0,0,0,1,0,0,0,0,0,0,0,0,1
416,폰령,9.623333333,20484.33333,0.936893204,1,11,0,0,1,0,0,0,0,1,0,0,1,0,0,0,0,0
417,퓨어 이블,9.976,8944.28,0.996763754,1,4,0,0,1,0,0,0,1,0,0,0,0,0,0,0,0,0
418,프린스의 왕자,9.956666667,48894.16667,0.998381877,1,1,0,0,1,0,0,0,0,1,1,0,0,0,0,0,1,1
419,플로우,9.948333333,55519.16667,0.995145631,1,3,0,0,1,0,0,1,1,0,0,0,0,0,0,0,0,0
420,플루타크 영웅전,9.422561983,1270.818182,0.862459547,1,3,0,0,1,0,0,1,0,0,0,0,0,0,0,0,0,0
421,피리부는 남자,9.952075472,15214.32075,0.993527508,1,1,0,0,1,0,0,1,0,0,0,0,1,0,0,0,0,0
422,피터팬날다,8.86962963,471.7654321,0.810679612,1,1,1,0,0,1,1,0,0,0,0,0,0,0,0,0,0,0
423,핑크레이디,9.930454545,10024.61364,0.990291262,1,1,0,0,1,0,0,0,0,0,1,0,0,0,0,0,0,1
424,핑크레이디 클래식,9.918877551,5820.704082,0.987055016,1,1,0,1,0,0,0,0,0,1,0,0,0,0,0,0,0,1
425,하나(HANA),9.93,45065.5,0.990291262,1,2,0,0,1,0,0,0,0,1,0,0,0,0,0,0,0,0
426,하이브,9.9492,19136.01,0.993527508,1,6,0,0,1,0,0,1,0,1,0,0,1,0,0,1,0,0
427,한 살이라도 어릴 때,9.954285714,35042.89286,0.993527508,1,1,0,1,0,1,0,0,0,0,0,0,0,0,0,0,0,1
428,한국만화 1990,9.696,5107.75,0.961165049,1,11,0,0,1,0,0,0,0,0,0,0,0,0,0,0,0,0
429,한국만화거장전,9.87826087,17349.52174,0.985436893,1,1,0,1,0,0,0,0,0,0,0,0,0,0,0,0,0,0
430,한섬세대,9.86097561,3091.219512,0.978964401,1,2,0,0,1,0,0,0,0,1,0,0,0,1,0,0,0,0
431,한줌물망초,9.957916667,19150.83333,0.995145631,1,3,0,0,1,0,0,1,0,1,0,0,0,0,0,0,0,1
432,해피,9.837692308,5087.653846,0.975728155,1,1,0,0,1,0,0,0,0,1,0,0,0,0,0,0,0,0
433,향수,9.928,4781.4,0.990291262,1,4,0,0,1,0,0,0,0,0,0,0,1,0,0,0,0,0
434,헬로 미스터 테디,9.940769231,30175.30769,0.991909385,1,1,0,0,1,0,1,0,0,1,0,0,0,0,0,0,0,0
435,헬퍼,9.916666667,25447.86667,0.993527508,1,1,0,0,1,0,0,0,1,0,0,0,0,0,0,0,0,1
436,혜성같은 소년,9.655,1443.8125,0.943365696,1,1,0,0,1,0,0,0,0,0,0,0,1,0,0,0,0,0
437,화이트멜로우,9.958,10015.2,0.993527508,1,1,0,0,1,0,0,0,0,1,0,0,0,0,1,0,0,0
438,황금짱순이,8.187826087,444.4347826,0.690938511,1,1,0,0,1,0,0,0,0,1,0,0,0,0,0,0,0,0
439,후유증,9.773333333,25017.66667,0.899676375,1,6,0,0,1,0,0,0,0,0,0,0,1,0,0,0,1,0
440,후유증 2,9.846666667,10244.66667,0.982200647,1,6,0,0,1,0,0,1,0,1,0,0,1,0,0,0,0,0
441,흐드러지다,9.832727273,5649.454545,0.988673139,1,2,0,0,1,0,0,0,0,1,0,0,0,1,0,0,0,1
442,1인용 기분,9.971666667,11284.20833,0.996763754,0,2,1,0,0,0,0,0,0,0,0,1,0,0,0,0,0,0
446,2인용 인간,9.9,19053.75,0.98381877,0,2,1,0,0,0,0,1,0,0,0,0,0,0,0,0,0,0
448,35cm,9.67375,24421,0.953074434,0,2,0,0,1,0,0,0,0,0,0,0,0,0,0,0,0,0
450,5kg을 위하여,9.919285714,22073.64286,0.987055016,0,2,0,0,1,0,0,0,0,1,0,0,0,0,0,0,0,0
454,Doll 체인지,9.97328125,16227.60938,0.996763754,0,2,0,0,1,0,0,1,0,0,0,0,0,0,0,0,0,0
456,MZ-레이징 인페르노,9.89,8214,0.985436893,0,4,0,0,1,0,0,0,1,1,0,0,1,0,0,0,0,0
458,ㄹㅇ 관종,9.498,19368.6,0.877022654,0,2,0,0,1,0,1,0,0,1,0,0,0,0,0,0,0,0
460,가담항설,9.986587302,23262.04762,1,0,7,0,0,1,0,1,1,0,0,0,0,0,1,0,0,0,0
462,가우스전자 시즌3~4,9.974462659,8608.362477,0.996763754,0,4,1,0,0,1,1,0,0,0,0,0,0,0,0,0,0,1
470,간 떨어지는 동거,9.985555556,36245.75556,0.998381877,0,2,0,0,1,1,1,1,0,1,1,0,0,0,0,0,0,0
472,간질간질,9.520909091,8259.30303,0.851132686,0,2,0,0,1,1,1,0,0,0,1,0,0,0,0,0,0,0
474,갓 오브 하이스쿨,9.832295082,34405.90164,0.974110032,0,4,0,0,1,0,0,0,1,0,0,0,0,0,0,0,0,1
476,강변살다,9.863888889,20353.38272,0.980582524,0,2,0,0,1,0,0,0,0,1,1,0,0,0,0,0,0,0
478,개를 낳았다,9.95,22863,0.995145631,0,2,0,0,1,0,0,0,0,1,0,1,0,0,0,0,0,0
480,걸어서 30분,9.983947368,37827,0.998381877,0,2,0,0,1,0,0,0,0,1,1,0,0,0,0,0,0,0
482,격기 3반,9.232352941,8863.852941,0.826860841,0,2,0,0,1,0,0,0,0,0,0,0,0,0,1,0,0,1
484,결계녀,9.95,19630.75573,0.991909385,0,2,0,0,1,0,0,0,0,1,0,0,0,0,0,0,0,0
486,고류 진,9.943333333,16531.5,0.990291262,0,2,0,0,1,0,0,1,0,0,0,0,0,0,0,0,0,0
488,고수,9.972043796,45589.18248,0.996763754,0,2,0,0,1,0,0,1,1,0,0,0,0,0,0,0,0,0
490,골든 체인지,9.9825,16747.60227,0.998381877,0,3,0,0,1,0,0,1,0,0,0,0,0,0,0,0,0,0
492,공대생 너무만화,9.975140187,8529.214953,0.996763754,0,3,0,0,1,0,1,0,0,0,0,0,0,0,0,0,0,0
494,공복의 저녁식사,9.839161677,36675.36527,0.974110032,0,2,0,0,1,0,0,0,0,1,0,0,0,0,0,0,0,0
496,구구까까,9.945052632,32645.72632,0.990291262,0,2,0,0,1,0,1,1,0,0,0,0,0,0,0,0,0,0
498,귀각시,9.9728,27362.02,0.996763754,0,2,0,0,1,0,0,0,0,1,1,0,1,0,0,0,0,0
500,귀도호가록,9.967259259,6749.481481,0.996763754,0,3,0,0,1,0,0,1,1,0,0,0,0,0,0,0,0,0
502,그랜드 배틀 토너먼트,7.43,9065.666667,0.637540453,0,5,0,0,1,0,0,0,1,0,0,0,0,0,0,0,0,0
504,금수저,9.937904762,29887.8,0.990291262,0,2,0,0,1,0,0,1,0,1,0,0,0,0,0,0,0,0
506,기기괴괴,9.925327511,37617.93886,0.988673139,0,4,0,1,0,0,0,0,0,0,0,0,1,0,0,1,1,1
508,꽃 피는 날,9.940869565,16427.52174,0.990291262,0,2,0,0,1,0,0,0,0,0,0,0,0,0,0,0,0,0
510,꿈의 기업,9.972962963,9638.716049,0.996763754,0,2,0,0,1,0,0,1,0,0,0,0,1,0,0,0,0,0
512,나노리스트,9.979834711,35541.1405,0.998381877,0,2,0,0,1,0,0,1,1,1,0,0,0,0,0,0,0,0
514,나의 짝사랑 고백법,9.732222222,11947.66667,0.944983819,0,2,0,0,1,1,0,1,0,1,1,0,0,0,0,0,0,0
516,나이트런,9.942093023,9019.639535,0.991909385,0,2,0,0,1,0,0,1,0,0,0,0,0,0,0,0,0,0
518,내일,9.9825,19240.42857,0.998381877,0,2,0,1,0,1,0,1,0,1,0,0,0,0,0,0,0,0
520,냐한남자,9.97,26193.46154,0.995145631,0,2,0,0,1,0,1,1,0,0,0,0,0,0,0,0,0,0
522,노곤하개,9.984038462,15594.34615,0.998381877,0,2,1,0,0,1,1,0,0,0,0,0,0,0,0,0,0,0
526,노블레스,9.709202335,39434.96887,0.957928803,0,3,0,0,1,0,0,1,0,0,0,0,0,0,0,0,0,1
528,놓지마 정신줄 시즌2,9.950876289,7932.072165,0.993527508,0,4,1,0,0,1,1,0,0,0,0,0,0,0,0,0,1,1
532,니편내편,9.923225806,22370.54839,0.987055016,0,9,0,0,1,0,0,1,0,1,0,0,1,0,0,0,0,0
534,다이스(DICE),9.705406504,28270.4065,0.935275081,0,2,0,0,1,0,0,1,0,0,0,0,0,0,0,0,0,1
536,대가리,9.941696429,13531.98214,0.991909385,0,2,0,0,1,0,0,0,1,0,0,0,0,0,0,0,0,0
538,대학일기,9.968862559,35244.27962,0.996763754,0,2,1,0,0,1,1,0,0,0,0,0,0,0,0,0,0,1
542,더 게이머,8.479166667,20794.28947,0.762135922,0,2,0,0,1,0,0,1,1,0,0,0,0,0,0,0,0,0
544,덴마,9.644073442,12814.3655,0.94012945,0,3,0,1,0,0,0,1,0,0,0,0,0,0,0,0,0,1
550,도망자,9.9164,7804.066667,0.987055016,0,3,0,0,1,0,1,0,1,0,0,0,0,0,0,0,0,0
552,랜덤채팅의 그녀!,9.942,25809.83333,0.991909385,0,2,0,0,1,1,1,0,0,1,0,0,0,0,0,0,0,0
554,마법스크롤상인 지오,9.969006623,6460.211921,0.996763754,0,2,0,0,1,0,0,1,0,0,0,0,0,0,0,0,0,0
556,마왕이 되는 중2야,9.963,16108.03333,0.993527508,0,2,0,0,1,0,1,1,0,0,0,0,0,0,0,0,0,0
558,마음의소리,9.876663755,34582.04454,0.977346278,0,8,1,0,0,1,1,0,0,0,0,0,0,0,0,0,1,1
560,마이너스의 손,9.96,14896.2967,0.995145631,0,2,0,0,1,0,0,1,1,0,0,0,0,0,0,0,0,0
562,만 화 고,6.357083333,10291.58333,0.383495146,0,4,1,0,0,0,1,0,0,0,0,0,0,0,0,0,0,0
564,몽홀,9.947083333,7090.845238,0.995145631,0,2,0,0,1,0,0,0,0,0,0,0,0,1,0,0,0,0
566,문래빗,9.8825,9307.25,0.980582524,0,2,0,0,1,0,1,1,1,0,0,0,0,0,0,0,0,0
568,미시령,9.943962264,16257.54717,0.993527508,0,2,0,0,1,0,0,0,0,1,0,0,1,0,0,0,0,0
570,바른연애 길잡이,9.980769231,29284.61538,0.996763754,0,2,0,0,1,0,1,0,0,0,1,0,0,0,0,0,0,0
572,반투명인간,9.914,11797.2,0.985436893,0,2,0,0,1,0,1,1,0,0,0,1,0,0,0,0,0,0
574,방백남녀,9.846818182,8766.409091,0.966019417,0,2,0,0,1,0,0,0,0,1,0,0,0,0,0,0,0,0
576,백귀야행지,9.888757062,5826.299435,0.98381877,0,2,1,0,0,0,1,0,0,0,0,0,1,0,0,0,0,0
578,뱀이 앉은 자리,9.9725,15539.46667,0.996763754,0,2,0,0,1,0,0,0,0,1,0,0,1,0,0,0,0,0
580,복학왕,9.555,39224.9802,0.898058252,0,3,0,0,1,0,0,0,0,1,0,0,0,0,0,0,0,0
582,부로콜리왕자,9.926666667,21721,0.988673139,0,3,0,0,1,1,1,0,0,1,0,0,0,0,0,0,0,0
584,부활남,9.933,25500.01,0.987055016,0,2,0,0,1,0,0,0,1,0,0,0,0,0,0,0,0,0
586,불괴,9.718,9685.6,0.953074434,0,2,1,0,0,0,0,0,0,0,0,0,0,0,0,0,0,0
588,뷰티풀 군바리,9.833113772,29988.47305,0.972491909,0,2,0,0,1,0,0,0,0,1,0,0,0,0,0,0,0,0
590,비질란테,9.978571429,22719.42857,0.998381877,0,2,0,0,1,0,0,0,1,0,0,0,1,0,0,0,0,0
592,빙탕후루,9.9805,18925.15,0.998381877,0,2,1,0,0,0,0,1,0,1,0,0,0,1,0,0,0,0
594,삼국지톡,9.954444444,11485.77778,0.993527508,0,2,1,0,0,0,1,0,0,0,0,0,0,1,0,0,0,0
598,서북의 저승사자,9.976308725,13375.95302,0.998381877,0,2,0,0,1,0,1,1,0,1,0,0,0,0,0,0,0,0
600,성공한 덕후,9.802222222,23705.74074,0.966019417,0,3,1,0,0,1,1,1,0,1,1,0,0,0,0,0,0,0
602,세상은 돈과 권력,9.525,36800.33333,0.911003236,0,2,1,0,0,1,0,0,0,1,0,0,1,0,0,0,0,0
604,소녀의 세계,9.976462585,42570.97959,0.998381877,0,2,0,0,1,1,0,0,0,1,1,0,0,0,0,0,0,0
606,스위트홈,9.978285714,37667.25714,0.998381877,0,2,0,0,1,0,0,0,1,1,0,0,1,0,0,0,0,0
608,스피릿 핑거스,9.979299363,45132.35032,0.998381877,0,3,0,0,1,0,0,0,0,1,1,1,0,0,0,0,0,1
610,식스틴,9.867,10996.9,0.982200647,0,2,0,0,1,0,0,0,0,1,0,0,0,0,0,0,0,0
612,신과함께 (재),9.983247863,34165.65812,0.998381877,0,3,0,0,1,0,0,1,0,1,0,0,0,0,0,1,0,1
614,신도림,9.973829787,12720.02128,0.996763754,0,3,0,0,1,0,0,1,1,0,0,0,0,0,0,0,0,0
616,신석기녀,9.962083333,20464.04167,0.995145631,0,2,0,0,1,0,0,0,0,0,0,0,0,0,0,0,0,0
618,신암행어사,9.961363636,16042.55682,0.995145631,0,4,0,0,1,0,0,1,0,0,0,0,0,0,0,1,0,1
624,신의 언어,9.944258373,9847.382775,0.993527508,0,2,0,0,1,0,0,1,0,0,0,0,0,0,0,0,0,0
626,신의 탑,9.940935065,56695.55584,0.991909385,0,2,0,0,1,0,0,1,0,0,0,0,0,0,0,0,0,0
628,심연의 하늘 시즌5,9.925588235,11026.73529,0.988673139,0,3,0,0,1,0,0,0,0,0,0,0,1,0,0,0,0,1
630,씬커,9.763970588,3000.522059,0.970873786,0,4,0,0,1,0,0,1,1,0,0,0,0,0,0,0,0,0
632,아기낳는만화,9.81173913,38700.84783,0.970873786,0,2,0,0,1,1,0,0,0,0,0,0,0,0,0,0,0,0
636,아르마,9.932,9779.2,0.990291262,0,2,0,0,1,0,0,1,1,0,0,0,0,0,0,0,0,0
638,아메리카노 엑소더스,9.532839506,23826.95679,0.894822006,0,2,0,0,1,0,0,1,0,1,0,0,0,0,0,0,0,0
640,아테나 컴플렉스,9.91352381,11722.4381,0.980582524,0,2,0,0,1,0,0,1,0,0,0,0,0,0,0,0,0,0
642,악마와 계약연애,9.971666667,25213.33333,0.996763754,0,2,0,0,1,0,0,1,0,1,1,0,0,0,0,0,0,0
644,"안녕, 대학생",9.910952381,13487.14286,0.980582524,0,2,0,0,1,0,0,0,0,0,1,0,0,0,0,0,0,0
646,암흑도시,9.935,13113.5,0.988673139,0,2,1,0,0,0,0,0,0,0,0,0,0,0,0,0,0,0
648,야채호빵의 봄방학,9.98559322,24039.72881,0.998381877,0,4,0,0,1,1,0,0,0,1,0,1,0,0,0,0,0,1
650,약한영웅,9.835,19952,0.970873786,0,2,1,0,0,0,0,0,1,0,0,0,0,0,0,0,0,0
652,어글리후드,9.98,15659.48148,0.998381877,0,2,0,0,1,0,1,1,1,0,0,0,0,0,0,0,0,0
654,언덕 위의 제임스,9.92128,9135.768,0.987055016,0,2,1,0,0,0,1,0,0,0,0,0,0,0,0,0,0,0
656,언데드,9.961111111,12882.66667,0.991909385,0,4,0,0,1,0,0,1,1,0,0,0,1,0,0,0,0,1
658,언원티드,9.921428571,15680.73469,0.982200647,0,2,0,0,1,0,0,1,1,1,0,0,0,0,0,0,0,0
660,에이머,9.820742049,6709.745583,0.959546926,0,2,0,0,1,0,0,1,0,0,0,0,0,0,0,0,0,0
662,에피소드칵테일,9.86253012,9453.485944,0.978964401,0,3,0,0,1,0,0,0,0,1,0,0,0,0,0,0,0,0
664,엔드리스,9.9475,12531.75,0.990291262,0,2,1,0,0,0,0,0,0,0,0,0,0,0,0,0,0,0
666,여신강림,9.859,49827.7,0.978964401,0,2,0,0,1,0,0,0,0,1,1,0,0,0,0,0,0,0
668,연놈,9.915725191,41286.98473,0.988673139,0,2,0,0,1,1,0,0,0,1,1,0,0,0,0,0,0,1
670,연애의 정령,9.965555556,13102.58025,0.995145631,0,2,0,0,1,1,1,1,0,0,0,0,0,0,0,0,0,0
672,연애학,9.862352941,8359.607843,0.957928803,0,2,0,0,1,1,0,0,0,1,0,1,0,0,0,0,0,0
674,연애혁명,9.892702703,66752.58108,0.980582524,0,2,0,0,1,0,1,0,0,1,0,0,0,0,0,0,0,1
676,열대어,9.931777778,3999.955556,0.990291262,0,2,1,0,0,1,1,0,0,0,0,0,0,0,0,0,0,0
680,열렙전사,9.95264,11781.008,0.991909385,0,2,0,0,1,0,0,1,1,0,0,0,0,0,0,0,0,0
682,열정호구,9.914337349,13917.39759,0.987055016,0,2,1,0,0,1,0,0,0,1,0,0,0,0,0,0,0,0
684,옆반의 인어,9.895555556,13163.11111,0.98381877,0,3,0,0,1,0,1,1,0,1,1,0,0,0,0,0,0,0
686,오늘도 사랑스럽개,9.986,49243.02222,1,0,4,0,0,1,0,0,0,0,0,0,0,0,0,0,0,0,0
688,오직 나의 주인님,9.967777778,13563.33333,0.991909385,0,2,0,0,1,0,0,0,0,0,0,0,0,0,0,0,0,0
690,와장창창! 자취맨,9.84,12559.66667,0.978964401,0,2,1,0,0,1,1,0,0,0,0,0,0,0,0,0,0,0
694,완벽하지 않은 키스,9.888,16113,0.978964401,0,2,0,0,1,0,0,1,0,0,1,0,0,0,0,0,0,0
696,외모지상주의,9.602526882,69376.52151,0.935275081,0,2,0,0,1,0,0,1,0,1,0,0,0,0,0,0,0,1
698,요리GO,9.827647059,10654.17647,0.964401294,0,2,0,0,1,0,0,0,0,0,0,0,0,0,0,0,0,0
700,우리 오빠는 아이돌,9.95625,21091.275,0.993527508,0,2,0,0,1,0,1,0,0,1,1,0,0,0,0,0,0,0
702,웅이는 배고파,9.7456,8343.78,0.941747573,0,2,1,0,0,0,0,0,0,0,0,0,0,0,0,0,0,0
704,원주민 공포만화,9.927173913,18612,0.988673139,0,2,0,0,1,0,1,0,0,0,0,0,1,0,0,0,0,0
706,윈드브레이커,9.961284404,27494.79358,0.995145631,0,2,0,0,1,0,0,0,0,1,0,0,0,0,1,0,0,1
708,윌유메리미,9.936302326,21610.88837,0.991909385,0,2,1,0,0,1,1,0,0,0,0,0,0,0,0,0,0,1
712,유미의 세포들,9.974919614,30001.93248,0.996763754,0,3,1,0,0,1,1,0,0,0,0,0,0,0,0,0,0,1
716,유일무이 로맨스,9.963333333,19157.77778,0.996763754,0,2,0,0,1,1,0,0,0,1,1,0,0,0,0,0,0,0
718,은주의 방 2~3부,9.917881356,13517.00847,0.990291262,0,5,0,0,1,1,0,0,0,1,0,0,0,0,0,0,0,1
720,이것도 친구라고,9.940434783,20259.36957,0.990291262,0,2,0,0,1,0,1,0,0,1,0,0,0,0,0,0,0,0
722,이말년씨리즈 2018,9.650952381,15122.61905,0.779935275,0,4,0,1,0,1,1,0,0,0,0,0,0,0,0,0,0,0
726,이상하고 아름다운,9.979166667,22491.93333,0.998381877,0,3,0,0,1,0,0,1,0,0,1,1,0,0,0,0,0,1
728,이츠마인,9.906,23930.8,0.987055016,0,3,0,0,1,0,0,0,0,1,0,0,1,0,0,0,0,0
730,일진에게 회초리,9.9425,24731.5,0.991909385,0,2,1,0,0,0,0,0,0,0,0,0,0,0,0,0,0,0
732,자판귀,9.954285714,31314.07143,0.993527508,0,2,1,0,0,0,0,0,0,0,0,1,1,0,0,0,0,0
734,전자오락수호대,9.977333333,17076.49091,0.996763754,0,2,0,0,1,0,1,1,0,0,0,0,0,0,0,0,0,0
736,제로게임,9.976960784,20907.68627,0.996763754,0,2,0,0,1,0,0,1,0,1,0,0,0,0,0,0,0,0
738,조선왕조실톡,9.946521739,19794.23913,0.982200647,0,5,1,0,0,0,1,0,0,0,0,0,0,1,0,0,0,1
742,조의 영역,9.943269231,36931.67308,0.993527508,0,8,0,0,1,0,0,0,0,0,0,0,1,0,0,0,0,0
744,좋아하는 부분,9.928863636,34761.02273,0.987055016,0,2,0,0,1,0,0,0,0,0,0,0,0,0,0,0,0,0
746,죽음에 관하여 (재),9.9655,37170.25,0.996763754,0,3,0,1,0,0,0,1,0,1,0,1,0,0,0,0,0,1
748,진눈깨비 소년,9.964858491,8028.801887,0.996763754,0,2,0,0,1,0,0,0,0,0,1,1,0,0,0,0,0,1
750,최강전설 강해효,9.671485944,18931.25703,0.954692557,0,2,0,0,1,0,0,0,1,1,0,0,0,0,0,0,0,0
752,칼부림,9.881443299,3440.994845,0.985436893,0,2,0,0,1,0,0,0,0,0,0,0,0,1,0,0,0,0
754,쿠베라,9.965511364,24047.88636,0.995145631,0,2,0,0,1,0,0,1,0,0,0,0,0,0,0,0,0,0
756,킬더킹,9.649370079,6482.559055,0.919093851,0,4,0,0,1,0,0,0,0,1,0,0,1,0,0,0,0,0
759,타인은 지옥이다,9.952962963,22310.96296,0.993527508,0,2,0,0,1,0,0,0,0,0,0,0,1,0,0,0,0,0
762,테러맨,9.960272727,16994.98182,0.991909385,0,2,0,0,1,0,0,0,1,0,0,0,0,0,0,0,0,0
764,트럼프,9.974769874,21980.00418,0.996763754,0,2,0,0,1,0,0,1,0,0,0,0,0,0,0,0,0,1
766,트롤트랩,9.970285714,10241.97143,0.996763754,0,2,0,0,1,0,0,1,1,0,0,0,0,0,0,0,0,0
768,특수 영능력 수사반,9.722135231,9693.035587,0.925566343,0,2,0,0,1,0,0,1,0,0,0,0,0,0,0,0,0,0
770,팀피닉스,9.939794521,4284.938356,0.993527508,0,2,0,0,1,0,0,1,1,0,0,0,0,0,0,0,0,0
772,파도를 찾아라!,9.9744,13138.44,0.996763754,0,2,0,0,1,0,0,0,0,0,0,0,0,0,1,0,0,0
774,파우스트 인 러브,9.937619048,10116.19048,0.988673139,0,2,0,0,1,0,0,0,0,0,0,0,0,0,0,0,0,0
776,패밀리 사이즈,9.965974359,9344.764103,0.996763754,0,2,1,0,0,1,0,0,0,0,0,0,0,0,0,0,0,1
780,퍼스트 미션,9.97530303,10100.39394,0.996763754,0,6,0,0,1,0,0,1,1,0,0,0,0,0,0,0,0,1
782,펀브로커,9.8825,10848.5,0.985436893,0,2,0,0,1,0,0,0,0,0,0,0,0,0,0,0,0,0
784,평범한 8반,9.949315068,32394.03653,0.993527508,0,2,0,0,1,0,1,0,0,1,0,0,0,0,0,0,0,0
786,푸른사막 아아루,9.960566038,6024.245283,0.993527508,0,2,0,0,1,0,0,0,0,1,1,0,0,0,0,0,0,0
788,프리드로우,9.94059322,49288.5678,0.991909385,0,2,0,0,1,0,0,0,0,1,0,0,0,0,0,0,0,0
790,피플,9.92,6617.25,0.987055016,0,2,0,0,1,0,0,0,0,1,0,0,0,0,0,0,0,0
792,하나의 하루,9.940909091,15637.52727,0.991909385,0,4,0,0,1,0,0,0,0,1,1,1,0,0,0,0,0,0
794,하드캐리,9.7775,13517.75,0.959546926,0,3,0,0,1,0,0,1,0,0,0,0,0,0,0,0,0,0
796,하루 3컷,9.908647574,12548.57359,0.987055016,0,2,0,1,0,0,1,0,0,0,0,0,0,0,0,0,0,0
808,하르모니아,9.921,12705.4,0.988673139,0,2,0,0,1,0,0,1,0,0,0,0,1,0,0,0,0,0
810,하이브3,9.971512605,25965,0.996763754,0,6,0,0,1,0,0,1,1,1,0,0,1,0,0,0,0,0
812,허니허니 웨딩,9.88509434,16729.62264,0.980582524,0,2,0,0,1,0,0,0,0,0,0,0,0,0,0,0,0,1
814,혈투,9.031666667,17676,0.902912621,0,2,0,0,1,0,0,0,1,1,0,0,0,1,0,0,0,0
816,호랑이형님,9.980931677,28742.31056,0.998381877,0,2,0,0,1,0,0,1,1,0,0,0,0,1,0,0,0,0
818,호랭총각,9.901376812,4953.458333,0.985436893,0,2,0,1,0,0,1,0,0,1,0,0,0,0,0,0,0,1
820,호러와 로맨스,9.923333333,15258.83333,0.988673139,0,2,0,0,1,0,1,0,0,0,1,0,0,0,0,0,0,0
822,홍시는 날 좋아해!,9.957037037,21429.2963,0.993527508,0,2,1,0,0,0,0,0,0,0,0,0,0,0,0,0,0,0
824,홍차리브레,9.973043478,11477.56522,0.996763754,0,2,1,0,0,1,0,0,0,1,0,1,0,0,0,0,0,0
826,화장 지워주는 남자,9.706666667,27572.83333,0.936893204,0,2,1,0,0,0,0,0,0,0,0,0,0,0,0,0,0,0
828,환상적인 소년,9.986315789,15422.15789,0.998381877,0,5,0,0,1,0,0,1,0,1,0,0,0,0,0,0,0,0
830,환생동물학교,9.98775,23254,0.998381877,0,2,1,0,0,0,0,0,0,0,0,0,0,0,0,0,0,1
832,황금의 핸드메이커,9.895,10675.5,0.978964401,0,2,0,0,1,0,0,1,1,1,0,0,0,0,0,0,0,0
834,히어로메이커,9.956742301,5012.583468,0.995145631,0,2,0,1,0,0,0,1,0,0,0,0,0,0,0,0,0,0
